{"cameraMode":{"drawMode":0,"name":"Shaded","section":"Shading Mode"},"sceneLighting":true,"audioPlay":false,"sceneViewState":{"showFog":true,"showMaterialUpdate":false,"showSkybox":true,"showFlares":true,"showImageEffects":true,"showParticleSystems":true},"in2DMode":false,"pivot":{"x":-1.1237773895263672,"y":-0.8550500869750977,"z":-23.4920654296875},"rotation":{"x":0.2801354229450226,"y":0.38554081320762637,"z":-0.12409395724534989,"w":0.8703356385231018},"size":22.714473724365236,"orthographic":true}